date,open,high,low,close,volume
2021-01-04,21950,22450,21950,22450,323829
2021-01-05,22400,22750,22150,22700,290960
2021-01-06,23300,23450,22700,22800,644451
2021-01-07,23200,23400,23000,23050,375325
2021-01-08,23500,23500,22750,22950,481922
2021-01-11,23000,23750,22450,23150,749032
2021-01-12,23600,24300,23100,23850,1012380
2021-01-13,24450,24450,23800,23850,459987
2021-01-14,23850,24500,23350,24200,495798
2021-01-15,24250,24450,23400,24000,460013
2021-01-18,23700,23950,22750,23050,306637
2021-01-19,23050,23600,22800,23600,327999
2021-01-20,23850,24150,23350,23500,311358
2021-01-21,23600,23900,23250,23750,301556
2021-01-22,23650,24000,23450,23900,298758
2021-01-25,24100,24300,23750,24000,312358
2021-01-26,25000,27350,24750,26350,4413622
2021-01-27,26900,28950,26050,27650,4030735
2021-01-28,27250,28500,27000,28100,1762574
2021-01-29,27900,28400,25950,26600,1305537
2021-02-01,26550,26850,25650,26450,603394
2021-02-02,26850,28200,26650,27300,858622
2021-02-03,27600,28000,26800,27100,578969
2021-02-04,27100,27100,26050,26400,402877
2021-02-05,26550,26650,25800,26300,343074
2021-02-08,26300,27750,25900,27250,710931
2021-02-09,26950,27300,26200,26200,334794
2021-02-10,26250,26850,26050,26350,253960
2021-02-15,26500,27150,26200,27050,329783
2021-02-16,27350,28000,26800,26900,549568
2021-02-17,27100,27250,26450,26450,359494
2021-02-18,26500,26500,25500,25500,448080
2021-02-19,25400,25950,24850,25700,375554
2021-02-22,25850,26650,25750,26600,399510
2021-02-23,26150,26850,25600,26600,355584
2021-02-24,27600,28100,25500,25700,1002636
2021-02-25,26300,27300,25900,27000,440997
2021-02-26,26250,27700,25950,27200,564496
2021-03-02,27700,27750,26700,27000,381208
2021-03-03,26950,26950,26150,26550,366003
2021-03-04,26200,26500,25600,26200,284404
2021-03-05,25750,26200,25350,26150,236721
2021-03-08,26300,26500,25850,26000,190408
2021-03-09,26050,26200,24950,26000,245598
2021-03-10,26400,26450,25350,25350,141512
2021-03-11,25600,26000,25150,25300,285529
2021-03-12,25650,26250,25450,26100,270170
2021-03-15,26350,26950,26000,26750,336294
2021-03-16,26950,27150,26550,26850,238884
2021-03-17,27000,27050,26100,26350,212501
2021-03-18,26500,26550,26200,26450,157366
2021-03-19,25950,26300,25900,26050,139791
2021-03-22,26150,26150,25800,25900,107161
2021-03-23,26000,26100,25400,25500,163460
2021-03-24,25300,26000,25100,25950,159600
2021-03-25,25950,26150,25750,26100,112933
2021-03-26,26100,27000,25950,26900,263122
2021-03-29,27000,27050,26600,26950,152892
2021-03-30,26950,27250,26500,26700,167291
2021-03-31,26650,27250,26550,27050,234633
2021-04-01,27250,27350,26650,26800,153957
2021-04-02,26900,27100,26400,26550,147494
2021-04-05,26600,27150,26450,27050,153595
2021-04-06,27000,28850,26950,27900,918699
2021-04-07,28000,28450,27600,28000,268193
2021-04-08,28650,29600,28000,28000,789267
2021-04-09,28200,28600,27900,28600,281275
2021-04-12,29050,29200,28150,28450,273115
2021-04-13,28450,28550,27800,28000,241629
2021-04-14,28150,28700,27800,28600,229524
2021-04-15,28650,28750,28000,28100,182652
2021-04-16,28100,28200,27500,28100,176930
2021-04-19,28250,28350,27850,27900,169024
2021-04-20,27900,28150,27650,28100,185634
2021-04-21,27900,28000,27050,27200,307144
2021-04-22,27400,27550,27050,27400,134492
2021-04-23,27150,27700,27000,27400,167834
2021-04-26,27600,28100,27400,28050,207863
2021-04-27,28200,28250,27800,28100,168942
2021-04-28,28200,28200,27150,27200,209332
2021-04-29,27050,27400,26550,27150,194147
2021-04-30,27350,27400,26500,26600,166019
2021-05-03,26550,26750,25850,25850,165536
2021-05-04,25900,26000,25250,25750,161220
2021-05-06,25800,26350,25500,26150,86039
2021-05-07,26150,26700,26100,26650,101804
2021-05-10,27200,28300,27100,27950,561052
2021-05-11,27850,28700,27750,28550,449818
2021-05-12,28650,28700,27550,28450,289840
2021-05-13,27900,28250,26900,27050,299273
2021-05-14,27450,27650,27150,27450,124330
2021-05-17,27850,28050,27350,27450,141072
2021-05-18,28250,28700,27900,28350,334035
2021-05-20,28350,28850,27900,28050,169399
2021-05-21,28150,28550,27650,27750,149262
2021-05-24,27750,27750,27150,27250,105587
2021-05-25,27450,27500,27100,27350,93098
2021-05-26,27500,27800,27150,27550,94472
2021-05-27,27600,27650,27150,27450,122635
2021-05-28,27200,27700,27200,27250,92550
2021-05-31,27500,27700,27300,27400,128881
2021-06-01,27550,27600,27250,27400,89892
2021-06-02,27450,27450,26950,27000,133862
2021-06-03,27050,27450,26850,27200,116025
2021-06-04,27250,27550,27050,27300,81119
2021-06-07,27400,27900,27250,27850,162592
2021-06-08,28250,28250,27650,27900,223610
2021-06-09,27950,28200,27600,27600,147206
2021-06-10,27550,27850,27350,27650,110876
2021-06-11,27800,28400,27650,28000,224888
2021-06-14,28050,28200,27550,27700,144383
2021-06-15,27750,28000,27400,27900,174908
2021-06-16,27800,28150,27600,27700,156841
2021-06-17,27650,27650,27100,27300,175535
2021-06-18,27400,27700,27100,27700,149839
2021-06-21,27650,27750,27350,27400,151527
2021-06-22,27600,29450,27600,28850,993178
2021-06-23,28900,29500,28550,29450,462389
2021-06-24,29400,29400,28150,28600,342495
2021-06-25,28600,28950,28450,28850,218530
2021-06-28,28950,29700,28600,28850,377350
2021-06-29,29000,29150,28500,28550,193956
2021-06-30,28550,28650,28250,28500,151604
2021-07-01,28700,29000,28350,28400,175926
2021-07-02,28500,28650,28350,28400,104969
2021-07-05,28500,28500,28150,28350,127733
2021-07-06,28400,28700,28350,28550,93499
2021-07-07,28350,28500,28000,28150,147993
2021-07-08,28150,28400,27600,27600,226782
2021-07-09,27400,27750,27000,27450,166579
2021-07-12,27500,27700,27400,27450,91827
2021-07-13,27550,27950,27500,27950,96161
2021-07-14,27900,27950,27500,27550,89336
2021-07-15,27600,27900,27550,27700,70982
2021-07-16,27700,27950,27600,27750,49407
2021-07-19,27600,27700,27150,27250,116753
2021-07-20,27000,27250,26600,26700,180997
2021-07-21,26950,27200,26750,26850,58633
2021-07-22,26850,27350,26850,27200,82113
2021-07-23,27450,27500,27150,27250,44553
2021-07-26,27450,27500,27000,27100,79750
2021-07-27,27100,27400,27000,27100,60430
2021-07-28,26900,27300,26800,26950,86231
2021-07-29,27300,27300,26850,26900,88723
2021-07-30,26750,27050,26550,26700,108068
2021-08-02,26700,26850,26100,26550,102518
2021-08-03,26500,26950,26500,26600,88706
2021-08-04,26600,27100,26600,27050,70228
2021-08-05,27050,27450,27050,27350,110159
2021-08-06,27400,27650,27250,27300,103973
2021-08-09,27300,27450,27250,27300,95861
2021-08-10,27350,27350,27000,27150,77460
2021-08-11,27150,27300,26800,26850,97226
2021-08-12,26850,27000,26650,26650,78428
2021-08-13,26550,26700,25800,26200,184864
2021-08-17,26200,26700,25700,26100,117643
2021-08-18,26100,26750,26000,26300,103432
2021-08-19,25850,26450,25500,25500,149296
2021-08-20,25700,25900,24100,24500,244369
2021-08-23,24600,25450,24600,25000,217687
2021-08-24,25400,26050,25250,26050,105450
2021-08-25,26200,26250,25700,26150,92268
2021-08-26,26200,26500,25900,26200,94320
2021-08-27,26450,26650,26050,26400,86594
2021-08-30,26700,26700,26000,26000,107297
2021-08-31,26150,26250,25700,26050,74485
2021-09-01,26050,26250,25900,26200,90118
2021-09-02,26050,26700,26000,26550,91398
2021-09-03,26650,26800,26550,26750,65658
2021-09-06,26700,26950,26450,26700,67042
2021-09-07,26650,26800,26250,26450,56313
2021-09-08,26200,26500,26150,26400,58139
2021-09-09,26250,26500,25800,25950,111724
2021-09-10,25950,26300,25850,26300,45435
2021-09-13,26050,26350,25900,26200,54354
2021-09-14,26200,26450,26150,26200,46102
2021-09-15,26300,26300,25800,25950,91257
2021-09-16,26000,26050,25750,25750,41363
2021-09-17,25700,25850,25450,25750,61152
2021-09-23,25600,25850,25450,25700,50061
2021-09-24,25800,25800,25450,25500,49471
2021-09-27,25450,25500,25150,25300,42520
2021-09-28,25050,25300,24450,24550,155156
2021-09-29,24150,24500,23950,24250,144832
2021-09-30,24100,24750,24100,24500,52364
2021-10-01,24250,24500,23750,23800,108872
2021-10-05,23750,23800,23050,23350,118845
2021-10-06,23400,23700,22800,22950,93831
2021-10-07,22950,23700,22950,23200,172569
2021-10-08,23400,23450,22900,23050,124033
2021-10-12,23050,23100,22550,22750,90101
2021-10-13,22550,23300,22550,23200,52358
2021-10-14,23250,23750,23250,23300,135350
2021-10-15,23600,24200,23600,24050,118078
2021-10-18,24050,24100,23650,23850,84274
2021-10-19,23850,24000,23600,23650,80926
2021-10-20,23700,24100,23700,23850,77928
2021-10-21,23850,24200,23700,23850,62187
2021-10-22,23950,23950,23200,23350,152900
2021-10-25,23400,23450,23050,23350,81060
2021-10-26,23400,23900,23350,23800,190970
2021-10-27,23600,24000,23600,23850,79236
2021-10-28,23850,23900,23550,23750,86209
2021-10-29,23800,23900,23250,23300,102871
2021-11-01,23400,23550,23300,23400,71091
2021-11-02,23300,23650,23300,23550,108006
2021-11-03,23550,23700,23350,23700,96823
2021-11-04,23900,24000,23550,23650,111489
2021-11-05,23650,23750,23000,23200,134674
2021-11-08,23150,23300,22850,23250,82582
2021-11-09,23150,23400,22900,23100,90040
2021-11-10,22950,23150,22800,22850,96784
2021-11-11,22850,23100,22600,22600,149358
2021-11-12,22750,23850,22650,23500,243319
2021-11-15,23500,24050,23450,24000,111385
2021-11-16,24100,24300,23850,24100,103651
2021-11-17,24600,25250,24450,24750,327477
2021-11-18,25050,25050,24150,24250,163519
2021-11-19,24100,24450,24050,24350,121752
2021-11-22,24350,24750,24050,24050,121646
2021-11-23,24000,24000,23750,23750,77332
2021-11-24,23750,24100,23600,23750,51787
2021-11-25,24000,24050,23250,23400,124279
2021-11-26,23300,23550,22700,22900,143574
2021-11-29,22200,23000,22050,22750,124865
2021-11-30,22550,22850,21500,21650,243381
2021-12-01,21600,22150,21350,22050,114432
2021-12-02,21700,22600,21700,22500,90300
2021-12-03,22700,23000,22450,22950,84007
2021-12-06,22950,22950,22400,22650,83208
2021-12-07,22750,22850,22500,22800,72849
2021-12-08,22950,23200,22800,22850,84572
2021-12-09,22750,23050,22750,22750,103043
2021-12-10,22600,23050,22600,22700,80463
2021-12-13,22700,23050,22600,22650,83061
2021-12-14,22650,23150,22550,22950,86619
2021-12-15,22850,23050,22700,22950,47556
2021-12-16,23050,23100,22750,22850,49106
2021-12-17,22650,23200,22650,23150,88127
2021-12-20,23000,23150,22550,22600,67219
2021-12-21,22650,22750,22500,22650,54422
2021-12-22,22700,22900,22500,22550,60078
2021-12-23,22650,22700,22500,22700,62297
2021-12-24,22650,22900,22600,22750,82048
2021-12-27,22750,22850,22600,22650,104956
2021-12-28,22650,23150,22650,23150,121508
2021-12-29,22900,23100,22750,22800,72838
2021-12-30,22800,22950,22650,22800,48214
2022-01-03,22800,22950,22750,22800,57690
2022-01-04,22900,23100,22800,22950,92206
2022-01-05,22900,23000,22800,22900,81157
2022-01-06,22700,22800,22400,22400,125600
2022-01-07,22500,23400,22450,23300,270543
2022-01-10,23100,23300,22650,22750,94818
2022-01-11,22750,22800,22050,22250,109523
2022-01-12,22300,22550,22300,22500,56456
2022-01-13,22500,22600,22300,22300,62016
2022-01-14,22200,22400,22050,22150,64570
2022-01-17,22150,22300,21750,22000,66877
2022-01-18,22150,22150,21350,21400,119941
2022-01-19,21150,21500,20850,20950,150945
2022-01-20,20850,21300,20800,21250,65363
2022-01-21,21100,21350,20950,21100,58547
2022-01-24,20900,21000,20400,20500,82956
2022-01-25,20500,20800,20050,20250,121438
2022-01-26,20100,20350,20000,20000,87425
2022-01-27,20000,20100,19200,19200,129946
2022-01-28,19250,20200,19250,20150,73599
2022-02-03,20300,21050,20300,20800,106572
2022-02-04,20650,21050,20600,21000,34886
2022-02-07,21000,21100,20750,21050,42802
2022-02-08,21000,21200,20850,21050,52423
2022-02-09,21100,21500,20950,21200,61700
2022-02-10,21350,21350,21050,21350,37666
2022-02-11,21250,21250,20800,20800,44259
2022-02-14,20500,21300,20200,20900,106305
2022-02-15,21200,21200,20550,20550,55694
2022-02-16,20800,21100,20800,21000,64056
2022-02-17,20900,21200,20800,20950,49149
2022-02-18,20800,21100,20700,20900,46369
2022-02-21,20800,21050,20650,20950,20508
2022-02-22,20600,20950,20550,20700,38954
2022-02-23,20700,21150,20700,21050,26494
2022-02-24,20950,21050,20650,20800,48022
2022-02-25,20850,21100,20800,21000,34945
2022-02-28,21050,21500,20800,21500,53364
2022-03-02,21200,21850,21200,21800,53527
2022-03-03,21900,21950,21650,21850,33980
2022-03-04,21650,22350,21650,22200,65517
2022-03-07,21950,22400,21800,22000,50692
2022-03-08,21550,21900,21300,21300,53032
2022-03-10,21600,22000,21450,21450,31713
2022-03-11,21600,21750,21400,21650,67381
2022-03-14,21650,22850,21650,22450,300206
2022-03-15,22550,22700,22450,22500,83912
2022-03-16,22600,22900,22250,22650,71574
2022-03-17,22650,23100,22500,22650,100359
2022-03-18,22800,22900,22500,22900,78349
2022-03-21,23050,23050,22500,22550,44766
2022-03-22,22500,22700,22300,22500,39476
2022-03-23,22400,22700,22350,22600,34991
2022-03-24,22450,22600,22300,22400,48845
2022-03-25,22500,22500,22000,22050,59264
2022-03-28,22100,22200,21800,21900,44369
2022-03-29,21950,22050,21800,22000,39149
2022-03-30,21950,22300,21950,22100,67778
2022-03-31,22050,22250,22000,22200,25715
2022-04-01,22150,22150,21900,22000,27150
2022-04-04,22150,22200,21850,21950,47843
2022-04-05,21900,22050,21900,22000,26859
2022-04-06,22000,22000,21700,21850,31939
2022-04-07,21800,21950,21300,21850,85175
2022-04-08,21950,21950,21450,21500,45147
2022-04-11,21500,21700,21400,21500,41339
2022-04-12,21350,21650,21200,21650,52643
2022-04-13,21550,21700,21450,21600,39353
2022-04-14,21600,21700,21500,21550,48351
2022-04-15,21550,21600,21250,21450,49582
2022-04-18,21450,21700,21400,21600,32875
2022-04-19,21600,21750,21600,21650,30627
2022-04-20,21650,21750,21600,21700,31798
2022-04-21,21600,21800,21600,21700,48106
2022-04-22,21600,21650,21300,21300,57427
2022-04-25,21100,21250,21000,21000,55711
2022-04-26,21100,21250,21000,21000,23551
2022-04-27,20850,20900,20650,20650,46217
2022-04-28,20800,20900,20450,20700,63703
2022-04-29,20750,21000,20650,20750,50321
2022-05-02,20650,20800,20500,20600,28612
2022-05-03,20800,20950,20600,20900,28862
2022-05-04,21000,21150,20900,20950,26222
2022-05-06,20800,20800,20500,20750,29885
2022-05-09,20750,20800,20350,20500,40348
2022-05-10,20150,20350,19800,20350,55285
2022-05-11,20100,20300,19850,20200,49325
2022-05-12,20150,20150,19500,19700,86091
2022-05-13,19700,20050,19650,19900,49885
2022-05-16,20150,20300,20000,20050,28081
2022-05-17,19950,20250,19950,20050,26146
2022-05-18,20100,20200,19850,19950,38448
2022-05-19,19650,19750,19500,19700,43364
2022-05-20,19750,19950,19750,19800,28815
2022-05-23,20000,20000,19800,19850,13010
2022-05-24,19900,19950,19700,19750,26281
2022-05-25,19750,19900,19700,19750,30511
2022-05-26,19750,20350,19750,20350,46689
2022-05-27,20350,20350,20150,20350,31209
2022-05-30,20450,20450,20250,20400,25431
2022-05-31,20500,20500,20300,20500,21337
2022-06-02,20450,20550,20350,20500,19791
2022-06-03,20500,20600,20400,20500,15394
2022-06-07,20550,20550,19900,19950,39556
2022-06-08,19950,20100,19850,19950,20596
2022-06-09,19950,20000,19750,19850,33509
2022-06-10,19950,20000,19750,19850,35500
2022-06-13,19700,19750,19100,19200,86715
2022-06-14,18900,19000,18550,18850,88109
2022-06-15,18700,19000,18200,18350,79858
2022-06-16,18400,18850,18350,18350,43537
2022-06-17,18100,18550,17850,18550,53195
2022-06-20,18400,18450,17650,17650,52341
2022-06-21,17550,17950,17550,17850,22108
2022-06-22,17900,18000,17150,17150,79387
2022-06-23,17250,17600,16950,16950,112716
2022-06-24,16950,17750,16950,17750,45545
2022-06-27,17800,18200,17800,18100,41029
2022-06-28,18100,18300,17850,18100,31054
2022-06-29,17850,17950,17650,17750,24761
2022-06-30,17800,17800,17350,17450,26065
2022-07-01,17400,17550,17050,17050,49597
2022-07-04,17150,17300,16800,17000,84747
2022-07-05,17050,17800,16900,17800,58367
2022-07-06,17850,17850,17450,17500,69066
2022-07-07,17500,17800,17500,17800,22112
2022-07-08,17850,18000,17700,17800,29460
2022-07-11,17850,17850,17650,17700,18192
2022-07-12,17650,17650,17250,17250,31680
2022-07-13,17250,17450,17250,17300,21694
2022-07-14,17300,18200,17300,17700,67900
2022-07-15,17750,17800,17150,17550,43308
2022-07-18,17600,18350,17600,18250,49611
2022-07-19,18100,18550,18050,18500,26919
2022-07-20,18650,18900,18600,18600,21158
2022-07-21,18600,18750,18600,18700,18824
2022-07-22,18700,18850,18400,18600,15891
2022-07-25,18450,18750,18400,18550,14847
2022-07-26,18550,18750,18500,18600,14791
2022-07-27,18500,18650,18150,18650,24462
2022-07-28,18850,18850,18350,18500,28938
2022-07-29,18500,18800,18400,18800,26358
2022-08-01,18800,18850,18650,18800,23198
2022-08-02,18650,18800,18500,18550,41069
2022-08-03,18550,18900,18550,18850,29883
2022-08-04,18900,19150,18850,18900,52163
2022-08-05,18900,19200,18900,19150,34658
2022-08-08,19000,19150,18950,19100,28419
2022-08-09,18900,19100,18800,19000,33576
2022-08-10,18900,18950,18750,18950,23018
2022-08-11,18950,19050,18850,18950,83584
2022-08-12,18950,19150,18850,19050,51952
2022-08-16,19100,19350,19050,19100,49323
2022-08-17,19000,19200,19000,19150,23873
2022-08-18,19200,19250,18850,19250,25216
2022-08-19,19200,19250,18900,19050,37154
2022-08-22,18900,18950,18550,18750,56175
2022-08-23,18550,18550,18150,18350,43472
2022-08-24,18250,18500,18250,18400,15392
2022-08-25,18450,18700,18400,18550,21094
2022-08-26,18550,18800,18550,18650,13781
2022-08-29,18050,18550,18000,18400,37095
2022-08-30,18250,18800,18250,18750,24342
2022-08-31,18650,18900,18550,18800,15848
2022-09-01,18700,18800,18550,18600,15127
2022-09-02,18600,18750,18450,18650,16523
2022-09-05,18650,18850,18450,18600,19793
2022-09-06,18600,18700,18500,18600,22710
2022-09-07,18600,18650,17900,17900,57246
2022-09-08,18050,18400,18050,18150,39232
2022-09-13,18250,18600,18250,18500,27273
2022-09-14,18250,18700,18000,18550,42235
2022-09-15,18750,18750,18500,18500,13288
2022-09-16,18300,18650,18300,18500,22107
2022-09-19,18450,18550,18250,18300,12222
2022-09-20,18300,18650,18300,18500,14522
2022-09-21,18550,18750,18450,18650,19358
2022-09-22,18600,18650,18250,18650,25220
2022-09-23,18600,18650,18050,18300,45985
2022-09-26,18050,18200,17350,17500,59253
2022-09-27,17250,18400,17250,17750,52436
2022-09-28,17550,17750,17050,17150,49328
2022-09-29,17200,17550,17000,17150,30714
2022-09-30,16900,17150,16750,17000,41298
2022-10-04,17100,17450,17050,17400,21504
2022-10-05,17850,17850,17150,17500,26218
2022-10-06,17300,17900,17300,17650,18764
2022-10-07,17650,17850,17400,17850,12583
2022-10-11,17450,17550,16950,17050,29091
2022-10-12,16900,17450,16900,17400,37600
2022-10-13,17550,17550,16950,16950,53169
2022-10-14,17250,17350,17150,17150,15018
2022-10-17,18000,18500,17250,17300,109017
2022-10-18,17750,18150,17500,18050,50412
2022-10-19,18200,18350,17750,18000,24027
2022-10-20,18000,18050,17500,17700,25728
2022-10-21,17550,17700,17200,17300,30617
2022-10-24,17400,17700,17350,17450,27734
2022-10-25,17500,17800,17450,17600,22726
2022-10-26,17600,17900,17550,17850,31930
2022-10-27,17850,18250,17850,18100,24959
2022-10-28,17950,18200,17800,17800,10178
2022-10-31,17900,18100,17800,18100,15735
2022-11-01,18050,18350,17950,18200,28356
2022-11-02,18300,18450,18000,18300,27114
2022-11-03,18150,18400,18100,18250,25539
2022-11-04,18100,18350,17900,18250,16005
2022-11-07,18300,18550,18150,18450,22291
2022-11-08,18600,18600,18400,18500,21709
2022-11-09,18550,18850,18450,18700,44380
2022-11-10,18650,18900,18550,18750,34930
2022-11-11,19200,19300,18950,19250,57944
2022-11-14,19350,19950,19250,19800,94288
2022-11-15,19850,20750,19700,20600,143649
2022-11-16,20800,21200,20450,20950,143487
2022-11-17,21100,21250,20350,20600,103649
2022-11-18,20700,20750,19250,19250,151740
2022-11-21,19250,19400,18850,19100,53448
2022-11-22,19050,19300,18950,19100,44056
2022-11-23,19150,19600,19100,19500,60110
2022-11-24,19500,19800,19200,19750,60491
2022-11-25,19700,20600,19400,20350,123930
2022-11-28,20350,20900,20100,20100,110060
2022-11-29,20000,20400,20000,20100,36343
2022-11-30,20150,21000,20100,20800,132713
2022-12-01,21100,21200,20750,20950,139362
2022-12-02,20950,21150,20600,20950,73103
2022-12-05,20950,20950,20250,20500,116711
2022-12-06,20500,20600,19450,19450,117155
2022-12-07,19400,19450,19300,19450,49636
2022-12-08,19450,19500,19000,19000,69398
2022-12-09,19050,19550,19050,19450,40949
2022-12-12,19650,19700,19050,19050,50330
2022-12-13,19150,19200,18950,19150,43583
2022-12-14,19150,19500,19100,19500,89666
2022-12-15,19450,19500,19250,19500,11502
2022-12-16,19350,19800,19150,19800,26033
2022-12-19,19700,19900,19550,19700,24388
2022-12-20,19700,19800,19400,19550,26900
2022-12-21,19550,19700,19150,19150,62450
2022-12-22,19200,19400,19150,19400,49029
2022-12-23,19300,19400,18950,18950,78744
2022-12-26,19100,19150,18850,19000,42048
2022-12-27,19000,19950,19000,19850,90219
2022-12-28,19700,19950,19450,19650,54985
2022-12-29,19600,19700,19000,19200,43790
2023-01-02,19050,19200,18500,18550,61456
2023-01-03,18500,18750,18100,18650,49334
2023-01-04,18450,19050,18450,19050,34547
2023-01-05,19000,19350,18950,19050,30671
2023-01-06,19050,19250,18900,19100,38365
2023-01-09,19250,20000,19200,19900,66430
2023-01-10,19950,22800,19900,22100,1157758
2023-01-11,22250,23250,21950,22150,609013
2023-01-12,22350,22850,22250,22700,243907
2023-01-13,22800,23000,22450,22700,193751
2023-01-16,22700,22750,21800,22150,208991
2023-01-17,22250,22550,21900,22150,119265
2023-01-18,22300,22300,21600,21900,114644
2023-01-19,21700,22550,21700,22250,110648
2023-01-20,22500,22550,21950,22000,82695
2023-01-25,22250,22250,21300,21350,126948
2023-01-26,21550,21800,21300,21600,95825
2023-01-27,21700,22100,21300,22100,110593
2023-01-30,22200,22950,21850,22550,177281
2023-01-31,22500,23200,22250,22900,219397
2023-02-01,23000,24450,23000,23850,564081
2023-02-02,23900,24300,23250,23350,257675
2023-02-03,23450,23700,22900,23100,121984
2023-02-06,22850,22850,22150,22250,129326
2023-02-07,22400,22550,22100,22500,109070
2023-02-08,22500,23350,22450,22650,142994
2023-02-09,22800,22800,22350,22550,91773
2023-02-10,22350,22400,22000,22150,84282
2023-02-13,22200,22350,21650,21950,87728
2023-02-14,22100,23450,21950,22800,206661
2023-02-15,22750,23050,22150,22500,150380
2023-02-16,22500,24300,22500,23850,472274
2023-02-17,23700,24050,23300,23400,106831
2023-02-20,23250,23550,22800,22900,114327
2023-02-21,23150,23300,22600,22650,144543
2023-02-22,22550,22550,21950,22050,108743
2023-02-23,22050,22500,22000,22250,90127
2023-02-24,22450,22450,21700,21700,102737
2023-02-27,21650,22100,21350,22100,90464
2023-02-28,22250,22300,21600,21600,82343
2023-03-02,21650,22100,21600,21950,82504
2023-03-03,22000,22050,21550,21550,61704
2023-03-06,21600,21650,21150,21350,84629
2023-03-07,21300,21550,20950,21200,118945
2023-03-08,21100,21100,20600,20800,150266
2023-03-09,20800,21500,20750,21150,122162
2023-03-10,20850,20900,20300,20550,136229
2023-03-13,20200,20650,20200,20600,71205
2023-03-14,20500,20550,19850,19850,107016
2023-03-15,20150,20250,19990,20050,50105
2023-03-16,19850,19970,19680,19850,67758
2023-03-17,20100,20300,19950,20150,77300
2023-03-20,20250,20250,19700,19980,63053
2023-03-21,20150,20150,19670,19670,112760
2023-03-22,19870,19870,19400,19500,65423
2023-03-23,19210,19790,19210,19730,87724
2023-03-24,19740,20350,19740,20200,89928
2023-03-27,20350,20450,19800,19800,82019
2023-03-28,19890,20450,19850,20450,100141
2023-03-29,20350,21000,20350,20850,122000
2023-03-30,21000,21100,20600,20800,69659
2023-03-31,20750,20950,20550,20900,83652
2023-04-03,21000,21200,20700,20850,85667
2023-04-04,20850,21100,20650,20950,52220
2023-04-05,20950,21050,20550,20700,50927
2023-04-06,20900,20900,20150,20400,89729
2023-04-07,20350,20600,20200,20600,86386
2023-04-10,20450,20650,19960,19990,101381
2023-04-11,19990,20500,19990,20450,59807
2023-04-12,20450,20850,20400,20650,80416
2023-04-13,20650,20750,20150,20650,109321
2023-04-14,20750,21150,20650,20850,92543
2023-04-17,20950,21000,20600,20850,64534
2023-04-18,21000,21000,20600,20700,64359
2023-04-19,20700,20850,20500,20850,68749
2023-04-20,20900,20900,20400,20450,73795
2023-04-21,20450,20600,19990,20100,86396
2023-04-24,20150,20150,19300,19490,379626
2023-04-25,19400,19490,19150,19190,73576
2023-04-26,19090,19140,18560,18580,192635
2023-04-27,18580,18940,18510,18730,62140
2023-04-28,18800,19310,18800,19140,110667
2023-05-02,19100,19140,18800,19000,77600
2023-05-03,19000,19080,18790,18840,44022
2023-05-04,18800,18800,18470,18680,54405
2023-05-08,18680,19070,18680,18940,57476
2023-05-09,18780,18900,18610,18660,45929
2023-05-10,18660,19020,18660,18700,69235
2023-05-11,18760,18950,18630,18630,58943
2023-05-12,18660,18700,18550,18660,33417
2023-05-15,18700,18780,18280,18390,51425
2023-05-16,18750,19060,18550,18600,62783
2023-05-17,18600,18850,18350,18640,55792
2023-05-18,18670,18960,18550,18790,35141
2023-05-19,18810,19040,18810,18960,38093
2023-05-22,18970,19230,18970,19180,41036
2023-05-23,19240,19400,19190,19370,51435
2023-05-24,19370,19510,19270,19400,33511
2023-05-25,19400,19450,19210,19220,17371
2023-05-26,19280,19280,18920,18930,54333
2023-05-30,19130,19310,19000,19310,27538
2023-05-31,19370,19500,19090,19200,44862
2023-06-01,19210,19280,18990,19280,37091
2023-06-02,19300,19520,19130,19250,40874
2023-06-05,19270,19380,18960,19050,64764
2023-06-07,19050,19130,18900,18920,49257
2023-06-08,18910,18970,18600,18600,63216
2023-06-09,18600,18730,18540,18600,57697
2023-06-12,18630,18930,18630,18770,47484
2023-06-13,18770,18910,18740,18750,35600
2023-06-14,18840,18840,18580,18630,48454
2023-06-15,18640,18770,18250,18350,86100
2023-06-16,18350,18740,18350,18620,45135
2023-06-19,18750,18770,18460,18560,34617
2023-06-20,18560,18690,18490,18540,19553
2023-06-21,18540,18550,18120,18160,66569
2023-06-22,18110,18500,18100,18440,66022
2023-06-23,18400,18450,17920,17950,59344
2023-06-26,17950,18030,17820,17870,37851
2023-06-27,17900,17990,17720,17850,35407
2023-06-28,17910,17970,17640,17650,53429
2023-06-29,17650,17720,17370,17380,51077
2023-06-30,17270,17550,17210,17550,48309
2023-07-03,17740,18050,17600,17950,60358
2023-07-04,17950,18280,17870,18190,43870
2023-07-05,18190,18390,17940,17950,39163
2023-07-06,17950,17970,17550,17570,48229
2023-07-07,17570,17660,17270,17400,44622
2023-07-10,17410,17500,17180,17200,49130
2023-07-11,17220,17330,17190,17330,29940
2023-07-12,17330,17720,17280,17520,44562
2023-07-13,17750,17750,17460,17460,50978
2023-07-14,17530,17960,17510,17960,54894
2023-07-17,17970,18050,17900,18030,42273
2023-07-18,18060,18120,17870,17930,41819
2023-07-19,18030,18050,17730,17840,36985
2023-07-20,17890,18290,17790,18150,61149
2023-07-21,18200,18300,18010,18150,44267
2023-07-24,18150,18150,17400,17400,85561
2023-07-25,17410,17430,17090,17190,60447
2023-07-26,17190,17270,16970,17010,70905
2023-07-27,17010,17610,17010,17600,50385
2023-07-28,17600,17600,17160,17310,45367
2023-07-31,17400,17750,17400,17580,63561
2023-08-01,17460,18140,17460,18140,82451
2023-08-02,18020,18230,17760,17890,52028
2023-08-03,17890,18040,17700,17900,27603
2023-08-04,17900,18190,17900,18180,49056
2023-08-07,18180,18410,18000,18370,52759
2023-08-08,18120,18370,17800,17860,74919
2023-08-09,17870,17960,17750,17850,45559
2023-08-10,17850,18150,17570,17910,89342
2023-08-11,18000,18250,17900,17990,56578
2023-08-14,17850,17990,17450,17790,69224
2023-08-16,17550,17740,17290,17380,82469
2023-08-17,17210,17300,16950,17290,98182
2023-08-18,17100,17660,17090,17370,56931
2023-08-21,17370,17580,17360,17450,22616
2023-08-22,17450,17850,17450,17750,55809
2023-08-23,17750,17750,17510,17550,22930
2023-08-24,17560,17830,17510,17800,42142
2023-08-25,17790,17990,17690,17710,40031
2023-08-28,17740,18180,17740,17980,56196
2023-08-29,18030,18660,18030,18660,140403
2023-08-30,18700,18710,18500,18650,45339
2023-08-31,18650,18690,18370,18570,78677
2023-09-01,18420,18800,18400,18690,61408
2023-09-04,18870,18870,18410,18420,43405
2023-09-05,18350,18540,18140,18140,34480
2023-09-06,18150,18340,17970,18060,46906
2023-09-07,18070,18090,17690,17770,39037
2023-09-08,17770,18020,17730,17960,26641
2023-09-11,17960,18440,17880,18220,76404
2023-09-12,18160,18340,18010,18110,26474
2023-09-13,18030,18210,18030,18200,26610
2023-09-14,18110,18210,17990,18040,36809
2023-09-15,18080,18450,18050,18340,70822
2023-09-18,18320,18320,18090,18160,37774
2023-09-19,18120,18250,18020,18030,17116
2023-09-20,18000,18170,17850,17900,29516
2023-09-21,17900,17910,17580,17630,38052
2023-09-22,17530,17620,17350,17520,34904
2023-09-25,17400,17520,17350,17360,33339
2023-09-26,17320,17640,17220,17310,22569
2023-09-27,17220,17450,17200,17450,18686
2023-10-04,17210,17360,17110,17120,32308
2023-10-05,17050,17380,17020,17110,50594
2023-10-06,16950,17250,16950,17220,15189
2023-10-10,17220,17380,17100,17110,27193
2023-10-11,17480,18440,17310,18190,167231
2023-10-12,18390,18460,18190,18250,29486
2023-10-13,18360,18750,18210,18400,86640
2023-10-16,18650,18650,17950,18030,40087
2023-10-17,18030,18350,18030,18260,51285
2023-10-18,18300,18640,18270,18570,59574
2023-10-19,18310,18370,18010,18040,38382
2023-10-20,18000,18030,17460,17780,56732
2023-10-23,16490,16570,16030,16100,290756
2023-10-24,16070,16510,15950,16500,75387
2023-10-25,16580,16910,16450,16900,47417
2023-10-26,16890,16890,16300,16300,37223
2023-10-27,16330,16550,16250,16350,25517
2023-10-30,16350,16680,16160,16610,20644
2023-10-31,16690,16760,16110,16300,27009
2023-11-01,16370,16490,16300,16470,16293
2023-11-02,16470,16630,16450,16580,27966
2023-11-03,16620,16950,16550,16930,49287
2023-11-06,16950,17260,16940,17260,66361
2023-11-07,17260,17280,16840,17100,41069
2023-11-08,17240,17340,17150,17150,38869
2023-11-09,17200,17460,17180,17450,32101
2023-11-10,17450,17450,17090,17100,23538
2023-11-13,17400,17430,16990,17100,39948
2023-11-14,17100,17380,17100,17200,22078
2023-11-15,17490,17650,17290,17650,32313
2023-11-16,17650,17820,17350,17780,31151
2023-11-17,17790,17820,17490,17560,24263
2023-11-20,17460,17750,17460,17640,19804
2023-11-21,17630,17830,17630,17760,15993
2023-11-22,17650,17850,17640,17770,8038
2023-11-23,17830,17830,17700,17780,23518
2023-11-24,17690,17980,17690,17980,29245
2023-11-27,17970,18130,17860,17920,25337
2023-11-28,17930,18000,17790,17900,16263
2023-11-29,17820,18090,17630,17650,13624
2023-11-30,17650,17760,17500,17660,32428
2023-12-01,17560,17950,17560,17720,25737
2023-12-04,17720,17720,17570,17630,21511
2023-12-05,17520,17720,17380,17470,34989
2023-12-06,17470,17800,17470,17650,20915
2023-12-07,17760,17800,17600,17700,34554
2023-12-08,17700,17940,17700,17810,22877
2023-12-11,17810,18000,17740,17870,24154
2023-12-12,17880,18000,17770,18000,168336
2023-12-13,17940,17990,17830,17850,35177
2023-12-14,17870,18280,17870,18150,51337
2023-12-15,18180,18400,18080,18400,46257
2023-12-18,18450,18450,18170,18230,28773
2023-12-19,18200,18390,18010,18090,21584
2023-12-20,18120,18450,18120,18450,39295
2023-12-21,18420,18420,18170,18170,32010
2023-12-22,18220,18320,18140,18210,24006
2023-12-26,18330,18400,18100,18240,51091
2023-12-27,18000,18080,17730,17760,40176
2023-12-28,17840,17950,17720,17890,11823
2024-01-02,17900,17980,17820,17870,20651
2024-01-03,17810,18070,17750,17910,42499
2024-01-04,17800,18290,17690,17850,73794
2024-01-05,17850,17980,17710,17840,34267
2024-01-08,18030,18030,17700,17890,31698
2024-01-09,17880,18100,17880,18080,29250
2024-01-10,18080,18190,17990,18050,25110
2024-01-11,18190,18410,18070,18310,50820
2024-01-12,18270,18410,17950,17960,36982
2024-01-15,18080,18350,17970,17980,43798
2024-01-16,17860,17950,17580,17660,39965
2024-01-17,17820,17830,17370,17400,32459
2024-01-18,17510,17600,17300,17420,16931
2024-01-19,17590,17700,17480,17500,18928
2024-01-22,17650,17690,17390,17390,30435
2024-01-23,17500,17530,17300,17530,30881
2024-01-24,17530,17750,17420,17540,14744
2024-01-25,17570,17570,17410,17440,35516
2024-01-26,17410,17720,17400,17640,23138
2024-01-29,17640,19950,17590,19210,489961
2024-01-30,19360,20650,19290,20250,661810
2024-01-31,20850,20850,19630,19940,348027
2024-02-01,20100,22400,19780,21300,1008787
2024-02-02,21700,22100,20650,21800,458080
2024-02-05,22200,23550,21150,22800,630486
2024-02-06,22800,23100,21200,21450,402796
2024-02-07,21350,22150,21100,21850,202994
2024-02-08,21850,23050,21650,22400,273608
2024-02-13,22400,24650,22400,24300,705935
2024-02-14,24050,24300,23100,23350,313566
2024-02-15,23550,23700,22800,22900,216620
2024-02-16,23100,23150,22200,23100,204843
2024-02-19,23150,24050,23100,23300,226512
2024-02-20,23350,23400,22500,22650,179577
2024-02-21,22550,22750,21950,22000,203456
2024-02-22,22150,22200,21650,21950,133151
2024-02-23,22100,22600,21850,22000,136658
2024-02-26,21600,21800,20350,20450,295641
2024-02-27,20450,20700,20050,20650,164037
2024-02-28,20800,22150,20500,21800,153705
2024-02-29,21750,22200,21550,21700,110899
2024-03-04,21750,22650,21750,22550,169777
2024-03-05,22450,23250,22450,22600,150651
2024-03-06,22500,22950,22400,22600,64129
2024-03-07,22800,23000,22550,22800,92388
2024-03-08,23000,23000,22600,22750,69705
2024-03-11,22450,22450,22000,22150,73637
2024-03-12,22200,22350,21950,22050,56036
2024-03-13,22300,22800,21850,22550,92462
2024-03-14,22600,23700,22400,23550,243828
2024-03-15,23400,23650,22450,22500,175726
2024-03-18,22700,23100,22200,22300,145447
2024-03-19,22200,22550,21850,22000,114952
2024-03-20,22000,22300,21700,22100,53062
2024-03-21,22150,22350,21950,22100,55568
2024-03-22,22050,22200,21750,21750,38448
2024-03-25,21800,21800,21200,21250,56194
2024-03-26,21200,21850,21150,21450,55120
2024-03-27,21250,21600,21050,21150,48179
2024-03-28,21150,21350,21000,21200,46621
2024-03-29,21350,21350,20250,20450,92304
2024-04-01,20450,20800,20450,20600,52305
2024-04-02,20650,20850,20150,20600,50236
2024-04-03,20600,20700,20350,20600,36163
2024-04-04,20650,21200,19900,20050,203205
2024-04-05,20050,20150,19820,20000,44339
2024-04-08,20100,20100,19500,19770,78927
2024-04-09,19970,19970,19680,19740,39570
2024-04-11,19600,19610,19230,19560,78772
2024-04-12,19560,19650,18330,18470,401581
2024-04-15,18340,18690,18030,18600,80166
2024-04-16,18590,18590,18110,18240,106489
2024-04-17,18140,18340,18090,18090,47056
2024-04-18,18090,18500,18090,18500,70628
2024-04-19,18350,18690,18200,18580,42390
2024-04-22,18500,19140,18500,18900,178930
2024-04-23,19010,19240,18900,19200,61067
2024-04-24,19200,19200,18970,19100,42230
2024-04-25,19100,19280,19010,19250,30053
2024-04-26,19330,19450,19180,19420,44756
2024-04-29,19440,19640,19310,19640,35300
2024-04-30,19640,19810,19540,19750,34801
2024-05-02,19570,19740,19340,19380,36375
2024-05-03,19380,19580,19260,19360,31680
2024-05-07,19360,19450,19220,19350,33198
2024-05-08,19370,19540,19260,19530,29595
2024-05-09,19450,19520,19170,19250,27011
2024-05-10,19350,19670,19200,19520,47529
2024-05-13,19530,19640,19280,19450,34654
2024-05-14,19320,19560,19290,19450,27055
2024-05-16,19470,19900,19400,19410,53521
2024-05-17,19230,19540,19230,19470,37968
2024-05-20,19470,19600,19190,19250,62575
2024-05-21,19250,19390,19050,19270,30837
2024-05-22,19160,19820,19160,19280,65055
2024-05-23,19290,20250,19290,20100,194555
2024-05-24,20000,20100,19670,19710,52021
2024-05-27,19720,20200,19700,20200,81401
2024-05-28,20300,20650,19710,19850,75920
2024-05-29,19850,19990,19590,19620,54486
2024-05-30,19540,19620,19310,19600,34510
2024-05-31,19620,19820,19460,19710,33490
2024-06-03,19740,20050,19670,19720,28938
2024-06-04,19720,19870,19230,19240,49040
2024-06-05,19240,19270,19010,19050,35611
2024-06-07,19070,19280,18820,18880,36344
2024-06-10,18880,19040,18700,18860,42908
2024-06-11,19000,19000,18730,18730,21848
2024-06-12,18700,18950,18630,18730,19789
2024-06-13,18740,19050,18740,18990,41451
2024-06-14,18920,18960,18730,18780,45309
2024-06-17,18810,18960,18750,18820,33306
2024-06-18,18750,18880,18680,18730,54408
2024-06-19,18710,18800,18440,18580,56390
2024-06-20,18580,18840,18570,18760,30164
2024-06-21,18750,18820,18440,18500,52868
2024-06-24,18500,18740,18350,18370,41458
2024-06-25,18370,18750,18350,18700,19448
2024-06-26,18710,18860,18550,18720,43400
2024-06-27,18720,18810,18550,18700,15483
2024-06-28,18750,18980,18610,18900,34890
2024-07-01,18910,18960,18700,18790,20191
2024-07-02,18780,18790,18580,18620,23899
2024-07-03,18620,18790,18540,18680,28348
2024-07-04,18820,19180,18730,19100,57496
2024-07-05,19260,19320,18960,19150,46432
2024-07-08,19300,19350,18950,19350,49717
2024-07-09,19220,19340,19110,19230,37518
2024-07-10,19220,19320,19150,19280,25763
2024-07-11,19280,19600,19280,19440,46784
2024-07-12,19400,19590,19350,19390,23795
2024-07-15,19510,19510,19280,19300,24878
2024-07-16,19320,19540,19220,19340,29742
2024-07-17,19350,19400,19230,19250,29927
2024-07-18,19250,19320,18880,18880,101166
2024-07-19,18880,18900,18690,18770,29676
2024-07-22,18650,18890,18410,18650,35247
2024-07-23,18510,18670,18270,18300,76911
2024-07-24,18430,18430,18180,18340,28621
2024-07-25,18160,18330,18060,18250,20802
2024-07-26,18150,18340,18150,18220,27710
2024-07-29,18380,18820,18320,18820,58319
2024-07-30,18830,18850,18480,18510,15284
2024-07-31,18530,18650,18420,18620,18622
2024-08-01,18740,19030,18650,18980,36447
2024-08-02,18690,18900,18100,18480,63533
2024-08-05,18290,18290,16840,17080,78367
2024-08-06,17100,17650,17100,17300,50600
2024-08-07,17300,17560,17200,17370,40426
2024-08-08,17150,17580,17150,17390,22975
2024-08-09,17450,17590,17450,17570,30746
2024-08-12,17600,17700,17510,17640,23536
2024-08-13,17640,17640,17460,17640,18557
2024-08-14,17640,17780,17640,17730,25387
2024-08-16,17950,18050,17780,17960,32886
2024-08-19,17960,18210,17820,18100,24964
2024-08-20,18090,18300,18090,18240,28844
2024-08-21,18250,18300,18060,18230,41170
2024-08-22,18250,18280,18070,18170,26031
2024-08-23,18170,18200,17940,18160,33492
2024-08-26,18290,18290,18100,18190,26678
2024-08-27,18190,18200,18020,18110,40563
2024-08-28,18100,18230,17840,17910,42982
2024-08-29,17820,18070,17760,17990,19565
2024-08-30,18000,18090,17930,18060,18548
2024-09-02,18030,18050,17900,17960,13605
2024-09-03,17960,18060,17910,18040,11143
2024-09-04,17750,17850,17520,17600,42873
2024-09-05,17630,17830,17590,17720,18053
2024-09-06,17740,17740,17350,17400,49522
2024-09-09,17270,17450,17140,17400,16828
2024-09-10,17410,17570,17350,17440,11542
2024-09-11,17600,17600,17230,17320,24501
2024-09-12,17310,17490,17310,17490,10311
2024-09-13,17400,17800,17380,17800,12327
2024-09-19,17800,17870,17640,17790,17858
2024-09-20,17950,17950,17790,17890,13646
2024-09-23,17950,18290,17730,18100,39499
2024-09-24,18200,18250,18030,18130,19240
2024-09-25,18150,18490,18080,18220,52739
2024-09-26,18220,18410,18220,18320,15245
2024-09-27,18320,18700,18280,18610,35575
2024-09-30,18610,18690,18420,18490,32736
2024-10-02,18370,18630,18210,18410,34575
2024-10-04,18350,18600,18250,18500,20364
2024-10-07,18550,18570,18310,18550,35307
2024-10-08,18450,18720,18450,18500,67449
2024-10-10,18700,18700,18400,18470,34038
2024-10-11,18470,18640,18350,18420,30829
2024-10-14,18420,18580,18330,18410,22396
2024-10-15,18390,18460,18320,18430,16754
2024-10-16,18330,18490,18200,18200,37304
2024-10-17,18300,18400,18240,18300,10339
2024-10-18,18300,18300,18150,18230,16619
2024-10-21,18440,18440,18120,18300,9058
2024-10-22,18150,18290,18050,18250,16360
2024-10-23,18240,18310,18100,18240,16219
2024-10-24,18220,18230,18090,18190,15494
2024-10-25,18190,18290,18100,18180,18389
2024-10-28,18230,18340,18100,18250,16157
2024-10-29,18300,18360,18150,18360,34034
2024-10-30,18400,18400,18240,18240,9343
2024-10-31,18150,18520,18110,18370,31548
2024-11-01,18160,18550,18160,18490,16101
2024-11-04,18500,18500,18290,18480,16819
2024-11-05,18550,18600,18370,18500,9660
2024-11-06,18400,18590,18290,18500,17292
2024-11-07,18460,18490,18240,18470,15909
2024-11-08,18350,18540,18350,18450,21505
2024-11-11,18530,18530,18120,18260,29752
2024-11-12,18420,18420,17890,17890,46028
2024-11-13,17890,18200,17520,17660,32299
2024-11-14,17610,17940,17510,17580,18879
2024-11-15,17410,17900,17410,17670,15164
2024-11-18,17670,18020,17600,17700,33076
2024-11-19,17660,17940,17660,17830,10239
2024-11-20,17990,17990,17790,17920,20120
2024-11-21,18000,18030,17860,17960,16470
2024-11-22,17890,18200,17890,18200,21420
2024-11-25,18300,18300,18110,18300,24736
2024-11-26,18350,18420,17700,18280,25155
2024-11-27,18190,18420,18160,18350,31167
2024-11-28,18340,18500,18280,18450,24808
2024-11-29,18450,18500,18190,18270,29194
2024-12-02,18280,18430,18110,18280,20875
2024-12-03,18170,18820,18170,18780,45110
2024-12-04,18500,18700,18310,18480,31204
2024-12-05,18570,18570,17900,18020,42510
2024-12-06,18010,18030,17600,17730,60122
2024-12-09,17480,17550,17050,17120,77239
2024-12-10,17120,17590,17120,17590,32287
2024-12-11,17590,17740,17410,17740,29935
2024-12-12,17740,17900,17650,17850,47320
2024-12-13,17800,18160,17800,18100,63709
2024-12-16,18110,18140,17770,17950,60436
2024-12-17,17950,17950,17640,17670,47086
2024-12-18,17800,18240,17670,18160,44110
2024-12-19,18110,18110,17850,17870,30368
2024-12-20,17860,18000,17660,17710,33015
2024-12-23,17740,17990,17740,17940,39511
2024-12-24,17970,18000,17830,17930,33248
2024-12-26,17940,18090,17930,18010,63706
2024-12-27,17820,17940,17590,17780,59018
2024-12-30,17800,17900,17700,17870,23991
2025-01-02,17870,17900,17580,17610,47586
2025-01-03,17700,17820,17680,17770,19986
2025-01-06,17890,17960,17740,17960,24664
2025-01-07,17960,18270,17960,18270,43916
2025-01-08,18100,18600,18100,18500,38860
2025-01-09,18570,18580,18280,18360,25797
2025-01-10,18450,18450,18140,18190,29832
2025-01-13,18190,18190,17990,18150,22119
2025-01-14,18230,18240,18010,18070,15569
2025-01-15,18110,18220,17870,17890,20064
2025-01-16,18080,18080,17890,17990,14015
2025-01-17,17990,18210,17900,17930,17278
2025-01-20,17950,18060,17840,17900,14109
2025-01-21,17900,18040,17850,17930,14945
2025-01-22,17930,18200,17930,18200,48815
2025-01-23,18200,18300,18010,18030,18361
2025-01-24,18030,18030,17850,17890,26495
2025-01-31,17890,18000,17800,17820,19453
2025-02-03,17820,17820,17490,17600,38643
2025-02-04,17720,17820,17690,17820,20162
2025-02-05,17940,17970,17770,17780,24954
2025-02-06,17800,17950,17800,17950,31665
2025-02-07,17940,18050,17860,17920,43009
2025-02-10,17910,18200,17790,18160,48878
2025-02-11,18210,18220,17930,18050,30390
2025-02-12,17960,18100,17960,18000,18763
2025-02-13,18070,18070,17990,18000,14691
2025-02-14,17960,18160,17960,18060,26964
2025-02-17,18060,18770,18060,18690,93274
2025-02-18,18680,18780,18530,18660,38174
2025-02-19,18700,19130,18630,19130,63769
2025-02-20,19130,19390,19030,19240,58537
2025-02-21,19240,19240,18980,19130,32138
2025-02-24,18960,19060,18930,19050,32891
2025-02-25,20250,21400,20100,21100,677544
2025-02-26,21100,21500,20800,21450,202096
2025-02-27,21300,21500,21000,21250,93246
2025-02-28,21000,21250,20250,20250,101472
2025-03-04,20150,20850,20150,20550,66197
2025-03-05,20550,21000,20500,20900,85996
2025-03-06,20750,21100,20650,20950,63469
2025-03-07,20800,21800,20750,21600,141631
2025-03-10,21600,21750,21200,21650,67425
2025-03-11,21450,22000,21000,21900,119791
2025-03-12,21900,21900,21200,21400,133519
2025-03-13,21600,21700,21300,21600,70106
2025-03-14,21500,21800,21400,21550,55545
2025-03-17,21800,21950,21450,21600,47435
2025-03-18,21750,22150,21550,21900,161439
2025-03-19,21850,22300,21825,22300,90351
2025-03-20,22300,22300,21750,21800,61472
2025-03-21,21800,21850,21450,21600,50882
2025-03-24,21650,21750,21400,21550,52638
2025-03-25,21600,21650,20900,21250,112388
2025-03-26,21400,21600,21150,21300,169523
2025-03-27,21400,21500,20950,21050,269976
2025-03-28,20000,20000,19570,19930,123076
2025-03-31,19850,19900,19530,19740,57929
2025-04-01,19750,20050,19610,19980,47870
2025-04-02,20000,20000,19710,19800,29606
2025-04-03,19700,19860,19370,19770,60527
2025-04-04,19470,19620,19000,19490,60407
2025-04-07,19220,19220,18570,18570,89804
2025-04-08,18930,19020,18720,18850,46307
2025-04-09,18760,18880,18650,18770,53703
2025-04-10,19300,19660,19080,19590,50958
2025-04-11,19200,19550,19200,19540,15428
2025-04-14,19690,19880,19550,19810,25210
2025-04-15,19880,20450,19830,20400,48572
2025-04-16,20100,20500,20050,20050,26296
2025-04-17,20000,20450,20000,20250,17575
2025-04-18,20300,20450,20200,20350,19484
2025-04-21,20400,20950,20350,20900,50403
2025-04-22,20800,21400,20650,21200,55836
2025-04-23,21250,21350,21100,21200,46198
2025-04-24,21250,21350,21000,21050,27499
2025-04-25,21100,21300,20850,21100,28701
2025-04-28,21050,21350,20850,20950,37031
2025-04-29,21100,21550,21050,21450,61280
2025-04-30,21450,21900,21450,21700,100141
2025-05-02,21500,21600,21150,21400,43636
2025-05-07,21450,21750,21300,21750,137802
2025-05-08,21900,22800,21900,22700,219690
2025-05-09,22700,22800,22450,22650,138680
2025-05-12,22900,23850,22800,23300,163413
2025-05-13,23350,23650,23150,23600,106458
2025-05-14,23700,23750,23250,23500,81787
2025-05-15,23550,23750,23450,23600,75964
2025-05-16,23600,23950,23450,23750,96245
2025-05-19,23800,23800,22900,23300,108286
2025-05-20,23300,23600,23200,23500,38092
2025-05-21,23400,23800,23100,23800,85539
2025-05-22,23750,24200,23600,24000,109430
2025-05-23,24100,24200,23750,23900,101437
2025-05-26,23900,25100,23900,24950,242039
2025-05-27,25000,25200,24550,24650,63513
2025-05-28,24750,25150,24550,24650,85259
2025-05-29,24700,27150,24700,27100,459743
2025-05-30,27200,27550,26400,26850,277043
2025-06-02,26850,27100,26100,26400,142045
2025-06-04,26650,27550,26500,26950,211607
2025-06-05,27350,27950,27050,27450,248703
2025-06-09,28200,29550,27850,28800,397745
2025-06-10,28850,29000,27500,28150,234084
2025-06-11,28150,28750,27650,28600,167719
2025-06-12,29200,31300,28900,30900,780357
2025-06-13,30850,32450,29375,30100,438862
2025-06-16,29800,33400,29100,33000,508676
2025-06-17,33800,33850,30750,31600,502994
2025-06-18,31600,31900,30700,31750,187381
2025-06-19,31800,32200,30600,31500,208331
2025-06-20,31500,33200,31200,32900,276917
2025-06-23,32500,33700,30450,33600,265815
2025-06-24,34250,36600,34000,36050,630573
2025-06-25,36100,36200,35000,35400,261970
2025-06-26,35250,35500,33700,34750,227491
2025-06-27,34750,35400,33600,34200,128603
2025-06-30,34050,35450,33950,34250,166910
2025-07-01,34600,38400,34600,37650,450064
2025-07-02,37500,37800,35900,37400,270341
2025-07-03,37900,38100,36500,37300,177088
2025-07-04,37750,37750,34950,35000,179233
2025-07-07,34300,35850,34000,35800,112332
2025-07-08,35300,38500,35300,38050,328115
2025-07-09,39000,39800,38050,39500,313401
2025-07-10,39650,41800,39150,41250,314949
2025-07-11,41850,42350,40850,41550,126907
2025-07-14,42100,42100,40600,41250,176227
2025-07-15,41300,41400,39500,40000,197172
2025-07-16,39900,39900,38600,38850,181277
2025-07-17,39200,39250,37800,38500,195976
2025-07-18,39000,39000,37150,37850,114068
2025-07-21,37250,38100,37000,37550,121974
2025-07-22,37750,38100,36100,36650,181912
2025-07-23,37500,37550,35600,36200,183995
2025-07-24,36200,36850,34900,35000,219818
2025-07-25,35100,36750,34800,36050,222680
2025-07-28,35150,35550,33500,34100,330284
2025-07-29,34250,34600,33775,34550,83454
2025-07-30,35300,35350,34100,35000,120476
2025-07-31,35500,35950,34800,35050,85654
2025-08-01,34850,34850,32700,32850,225885
2025-08-04,32850,33650,32700,33400,82171
2025-08-05,34350,34350,33100,33550,75365
2025-08-06,33200,33700,33100,33700,53507
2025-08-07,34150,34200,33300,33650,63266
2025-08-08,33700,33700,32900,33200,67925
2025-08-11,32700,33200,32000,32750,138281
2025-08-12,32700,33900,32550,33100,77600
2025-08-13,33550,33750,32900,33600,70444
2025-08-14,34000,34350,33200,33400,45716
2025-08-18,33000,33250,32200,32600,128594
2025-08-19,32500,32900,31550,31800,112827
2025-08-20,31050,31600,30400,31550,103704
2025-08-21,31600,32000,31250,31400,56567
2025-08-22,31950,32000,31400,31600,44697
2025-08-25,32300,32750,31900,32350,49626
2025-08-26,32400,33350,31850,33200,79251
2025-08-27,33250,33750,32600,33600,88296
2025-08-28,33700,35500,33350,34600,108569
2025-08-29,35050,35200,34150,34150,61696
2025-09-01,34000,34350,33350,33900,55251
2025-09-02,33950,34000,33250,33650,46874
2025-09-03,33700,33950,33200,33900,38629
2025-09-04,34200,34250,33600,33950,41893
2025-09-05,34150,34150,33750,33950,38625
2025-09-08,33950,34500,33650,34400,63936
2025-09-09,34550,36400,34550,36400,133578
2025-09-10,36600,37800,36400,37450,111914
2025-09-11,37450,37550,36350,37050,105629
2025-09-12,37700,37700,36850,36850,42625
2025-09-15,37250,38300,37250,38100,110396
2025-09-16,38250,38250,37300,37300,75695
2025-09-17,37450,37450,36350,36950,81061
2025-09-18,37400,37400,36200,36850,76811
2025-09-19,37050,37250,36500,36800,55170
2025-09-22,36800,38150,36500,37500,68739
2025-09-23,37500,39400,37500,38500,114395
2025-09-24,38500,38500,36950,37650,104129
2025-09-25,37350,37450,36950,37000,43555
2025-09-26,37100,37100,35700,36050,53946
2025-09-29,37000,37600,36750,37350,42514
2025-09-30,37400,37700,36450,36700,25559
2025-10-01,36700,36850,35450,35500,64001
2025-10-02,35700,36750,35200,35900,55239
2025-10-10,36300,36350,35200,35500,56374
2025-10-13,34700,35200,33900,34300,59778
2025-10-14,34350,34450,32900,33450,84219
2025-10-15,33350,34600,33350,34400,47173
2025-10-16,34650,35950,34000,35250,73230
2025-10-17,35000,35200,34200,34500,60942
2025-10-20,34950,36850,34150,36600,100594
2025-10-21,37200,37250,35050,35100,71948
2025-10-22,35450,35450,34000,34900,63536
2025-10-23,34900,34950,34200,34400,30144
2025-10-24,34600,35400,34600,34950,50718
2025-10-27,35550,36900,35200,36900,95554
2025-10-28,37100,39350,36000,37950,158955
2025-10-29,38400,39350,37600,39350,110042
2025-10-30,40000,41700,36600,39150,166301
2025-10-31,39200,40800,37250,39000,81203
2025-11-03,38600,40650,38600,40300,120591
2025-11-04,39900,40250,39100,40050,173078
2025-11-05,39500,40550,37950,40450,122468
2025-11-06,41300,41300,38300,39650,134990
2025-11-07,38550,39800,37600,38050,53829
2025-11-10,38400,40450,38400,40100,87835
2025-11-11,40150,40950,39500,40000,74390
2025-11-12,40600,41150,39850,41050,82302
2025-11-13,41150,41500,39900,40850,95937
2025-11-14,40300,40600,38500,38850,165881
2025-11-17,39100,39100,37500,38300,46331
2025-11-18,37600,38200,35600,35950,84615
2025-11-19,36000,36200,34900,35800,56402
2025-11-20,36050,36850,36050,36600,30650
2025-11-21,35900,35900,35150,35600,38605
2025-11-24,35900,36300,35500,35800,52115
2025-11-25,36200,36600,35300,35800,50122
2025-11-26,35850,36550,35750,36400,35433
2025-11-27,36650,36800,35850,35950,20157
2025-11-28,35750,36200,35350,35850,51057
2025-12-01,35700,36350,35250,35400,56188
2025-12-02,35650,37100,35500,36750,66388
2025-12-03,37050,38650,36800,37750,72916
2025-12-04,37850,37900,36500,36800,42779
2025-12-05,36800,37350,36600,37350,56858
2025-12-08,37350,37700,36600,36950,48689
2025-12-09,37150,37150,36350,36550,31465
2025-12-10,36450,37900,36150,36350,43719
2025-12-11,36700,37800,36200,37000,189905
2025-12-12,37250,41450,37250,41300,310713
2025-12-15,40700,41000,40200,40300,53235
2025-12-16,40300,40850,38350,38500,96425
2025-12-17,38700,39100,38000,38950,85368
2025-12-18,38350,39100,38200,38500,60015
2025-12-19,39300,39700,38550,39000,60443
2025-12-22,39700,40250,39300,39750,53936
2025-12-23,39800,40250,39300,39650,39541
2025-12-24,39700,39700,39250,39400,43080
2025-12-26,39250,39650,37050,37200,119605
2025-12-29,37100,39700,36750,39300,76998
2025-12-30,39400,39400,38600,38850,26729
2026-01-02,38850,39650,38250,39600,35513
2026-01-05,39500,40650,39050,39700,77121
2026-01-06,39700,40850,39300,40850,103150
2026-01-07,40850,41400,39150,39700,71778
2026-01-08,39950,39950,38000,38100,79616
2026-01-09,38100,39350,37450,38200,68647
2026-01-12,38650,39050,37600,38000,51858
2026-01-13,38150,38700,37700,38050,42751
2026-01-14,38150,39300,37600,39100,70044
2026-01-15,39200,40450,38700,39600,60728
2026-01-16,39900,40100,39400,39850,37871
2026-01-19,39550,40450,38850,38950,62320
2026-01-20,38800,41150,38150,40500,123051
2026-01-21,40000,40000,39100,39850,75449
2026-01-22,40100,40850,39450,39850,82152
2026-01-23,40050,42700,39900,41750,153932
2026-01-26,42400,44600,41700,44000,200343
2026-01-27,44250,47600,43650,47000,186093
2026-01-28,48500,53700,47500,51400,361174
2026-01-29,51500,55600,50500,53800,178238
2026-01-30,52500,54600,52100,53200,164200
2026-02-02,51400,51400,46900,48050,272042
2026-02-03,49500,51600,49200,50400,140572
2026-02-04,49700,51100,48350,49300,92373
2026-02-05,48850,48850,46800,47400,89932
2026-02-06,45650,46000,43500,45850,87514
2026-02-09,47700,52500,47050,51300,228650
2026-02-10,51000,52600,50100,52200,104801
2026-02-11,52600,53000,51000,52400,60047
2026-02-12,52800,53100,51100,52900,65455
2026-02-13,53100,58000,52700,55800,170979
2026-02-19,57400,58400,56300,57400,154317
2026-02-20,57700,60800,55700,60200,182309
2026-02-23,62000,62300,58700,61500,150525
2026-02-24,60600,60600,56200,58000,142941
2026-02-25,59000,59100,56400,56800,104540
2026-02-26,56800,58300,56200,57100,85528
2026-02-27,56300,56600,54300,54300,163171
2026-03-03,53200,55100,50800,51300,142711
2026-03-04,48600,49700,44000,44150,199860
2026-03-05,49750,51500,47500,50800,121479
2026-03-06,49350,51700,48100,50200,70629
2026-03-09,46550,47950,46000,47300,87994
2026-03-10,50100,50200,47750,48400,75240
2026-03-11,49200,50700,48550,49050,90817
2026-03-12,48500,49550,48050,48850,58305
2026-03-13,47700,49050,47000,48550,37456
2026-03-16,48300,49250,47750,47950,42490
2026-03-17,49000,49950,48100,49000,88464
2026-03-18,49500,50800,49500,50600,41184
2026-03-19,50000,50000,48750,48950,48266
2026-03-20,49850,52000,49400,50900,86832
2026-03-23,50500,50500,47000,47400,64024
2026-03-24,49000,49200,46550,47650,30472
